MAE,RMSE,MAPE_%,R2
193.07663125376436,227.2488739258783,11.83222252151278,-2.999463659240161
