MAE,RMSE,MAPE_%,R2
175.9402831127711,211.67402292345565,10.752294942673455,-2.470031384602561
