MAE,RMSE,MAPE(%),R2,n_valid_months,n_dong,max_encoder_length,pred_len
331.3229211231449,367.5248974158521,20.57829738357805,-9.460966355256797,24,243,60,24
