MAE,RMSE,MAPE(%),R2,n_valid_months,n_dong,max_encoder_length,pred_len
314.4164879856114,432.68530090084107,19.979063629319725,-13.499150526123426,24,243,60,24
