selected_lag,n_features,n_residual_obs,minnesota_lambda,intercept_vec
1,21,167,0.2,"0.187621,-0.0363556,1.53435,-0.174882,-0.222065,-14.4722,14.0045,5.9076,84.0287,-1.29674,2.51431,0.0679758,0.569459,0.830766,0.310267,-0.350167,0.0702876,-0.251286,-0.667866,-0.0347149,-0.0347149"
