metric,var_only,var_tft_hybrid
RMSE (만원),122.97067013617459,254.65935139471202
WAPE (%),6.144184005911387,14.239863106188547
MDA (%),65.21739130434783,78.26086956521739
"PICP (%, 목표80)",83.33333333333334,33.33333333333333
MPIW (만원),320.68642774777567,359.6879027415927
CRPS,66.75875529146091,151.7067805079873
