selected_lag,n_features,n_residual_obs,minnesota_lambda,intercept_vec
1,21,191,0.2,"0.20893,0.0595398,0.362964,-0.171623,-0.520109,-3.49256,9.32616,3.60816,-32.9566,-2.66071,5.10426,0.0626164,0.1927,0.783332,0.531347,0.413139,0.0615099,-0.189393,-0.102226,0.251006,0.251006"
