epoch,step,train_loss_step
0,9,0.008528891019523144
0,19,0.007452520076185465
0,29,0.006499280221760273
0,39,0.008107926696538925
0,49,0.006528083235025406
0,59,0.006946126464754343
