MAE,RMSE,MAPE(%),R2,lag_order,n_train,n_valid,pca_components
203.1573011347856,255.77760358588876,12.979463281398877,-4.066677985321612,12,168,24,9
