MAE,RMSE,MAPE(%),R2,n_valid_months,n_dong,max_encoder_length,pred_len
315.21633869162173,372.26420729219905,19.393357147098254,-9.732498538667874,24,243,60,24
