MAE,RMSE,MAPE(%),R2,n_valid_months,n_dong,max_encoder_length,pred_len
121.25125942256754,160.32713841753363,7.355084369970734,-0.990729983233634,24,243,60,24
